{
  "feedbacks2019": [
    {
      "title" : "“수준 높은 인사이트를 얻어갈 수 있는 신나는 컨퍼런스”",
      "title_m" : "“수준 높은 인사이트를 얻어갈 수 있는 신나는 컨퍼런스”",
      "name" : "리먼 베어드",
      "description" : "“즐겁고 신나는 컨퍼런스 입니다. 참가자들과 즐겁게 대화를 나누는 것도 좋았고 전시를 통해 다양한 아이디어를 엿보는 것도 좋았습니다. 무엇보다 프로그램이 정말 많습니다. 청중들의 질문도 무척 흥미롭고 날카로웠습니다. 참여기간 동안 정말 즐거웠습니다.”",
      "description_m": "“즐겁고 신나는 컨퍼런스 입니다. 참가자들과 즐겁게 대화를 나누는 것도 좋았고 전시를 통해 다양한 아이디어를 엿보는 것도 좋았습니다. 무엇보다 프로그램이 정말 많습니다. 청중들의 질문도 무척 흥미롭고 날카로웠습니다. 참여기간 동안 정말 즐거웠습니다.”",
      "company" : "(헤더라 해시그래프 공동설립자 겸 수석과학자)",
      "link": "",
      "img" : "https://udc-file.s3.ap-northeast-2.amazonaws.com/images/feedback_01.png"
    },
    {
      "title_m" : "“비상업적으로 훌륭하게 기획된 행사”",
      "name" : "후만 하다드",
      "description" : "“우선 제가 참가했던 행사 중 단연 최고로 잘 기획되고 준비된 행사였습니다. 또한 상업적 요소가 배제된 행사라는 점도 좋았습니다. 참가한 사람들 모두가 자신들이 하고 있는 일이나 관심 있는 일을 이야기하려 했고 더 중요한 건 서로에게 배우려고 했다는 것입니다.  UDC에 참여한다는 것은 정말 가슴 벅찬 일입니다.”",
      "description_m": "“우선 제가 참가했던 행사 중 단연 최고로 잘 기획되고 준비된 행사였습니다. 또한 상업적 요소가 배제된 행사라는 점도 좋았습니다. 참가한 사람들 모두가 자신들이 하고 있는 일이나 관심 있는 일을 이야기하려 했고 더 중요한 건 서로에게 배우려고 했다는 것입니다.  UDC에 참여한다는 것은 정말 가슴 벅찬 일입니다.”",
      "company" : "(유엔세계식량계획 신기술 책임자)",
      "link": "",
      "title" : "“비상업적으로 훌륭하게 기획된 행사”",
      "img" : "https://udc-file.s3.ap-northeast-2.amazonaws.com/images/feedback_02.png"
    },
    {
      "title_m" : "“차원이 다른 정교함 지적인 참가자들”",
      "name" : "케빈 아보쉬",
      "description" : "“UDC는 안정되고 차분하며 청중들 수준도 상당히 높습니다. 다른 행사들과 비교했을 때 차원이 다른 정교함을 가지고 있습니다. 다른 연사들과도 네트워킹 할 수 있었고 행사 기획자들이 세세한 부분까지 신경을 쓴다는 느낌을 받았습니다.”",
      "description_m": "“UDC는 안정되고 차분하며 청중들 수준도 상당히 높습니다. 다른 행사들과 비교했을 때 차원이 다른 정교함을 가지고 있습니다. 다른 연사들과도 네트워킹 할 수 있었고 행사 기획자들이 세세한 부분까지 신경을 쓴다는 느낌을 받았습니다.”",
      "company" : "(케빈 아보쉬 스튜디오 작가)",
      "link": "",
      "title" : "“차원이 다른 정교함 지적인 참가자들”",
      "img" : "https://udc-file.s3.ap-northeast-2.amazonaws.com/images/feedback_03.png"
    },
    {
      "title_m" : "“프로를 위한 행사”",
      "name" : "얀 주",
      "description" : "“UDC 참가자들은 진지하고 프로페셔널 합니다. 행사의 내용과 전체적인 구성 측면에서도 인상적이었어요. 굉장히 잘 짜인 멋진 행사입니다. 사진 찍을 곳도 정말 많고요.”",
      "description_m": "“UDC 참가자들은 진지하고 프로페셔널 합니다. 행사의 내용과 전체적인 구성 측면에서도 인상적이었어요. 굉장히 잘 짜인 멋진 행사입니다. 사진 찍을 곳도 정말 많고요.”",
      "company" : "(브레이브 소프트웨어 CISO)",
      "link": "",
      "title" : "“프로를 위한 행사”",
      "img" : "https://udc-file.s3.ap-northeast-2.amazonaws.com/images/feedback_04.png"
    },
    {
      "title" : "“업계 리더들과 함께해 영광. 모든 것이 완벽”",
      "title_m" : "“업계 리더들과 함께해 영광. 모든 것이 완벽”",
      "name" : "티모시 리",
      "description" : "“UDC처럼 수준 높은 행사에 참여하게 되어 영광입니다. 장소부터 VIP 이벤트까지 모든 것이 완벽한 행사였습니다. 전시 프레젠테이션을 비롯한 다양한 프로그램을 즐겼고 VIP 디너를 통해 업계 리더들과 생각을 나눌 수 있어서 정말 좋았습니다.”",
      "description_m": "“UDC처럼 수준 높은 행사에 참여하게 되어 영광입니다. 장소부터 VIP 이벤트까지 모든 것이 완벽한 행사였습니다. 전시 프레젠테이션을 비롯한 다양한 프로그램을 즐겼고 VIP 디너를 통해 업계 리더들과 생각을 나눌 수 있어서 정말 좋았습니다.”",
      "company" : "(세타 랩스 플랫폼 총괄)",
      "link": "",
      "img" : "https://udc-file.s3.ap-northeast-2.amazonaws.com/images/feedback_05.png"
    },
    {
      "title" : "“기술을 공유하는 열정 가득한 개발자 축제”",
      "title_m" : "“기술을 공유하는 열정 가득한 개발자 축제”",
      "name" : "얀 융에",
      "description" : "“UDC만의 매력은 개발자들이 자신들의 경험을 기탄없이 나누고 성공사례를 공유하는 등 개발자 정신이 가득하다는 점이라고 할 수 있습니다. 와서 누려보시기 바랍니다. 만약 연사로 참여하게 된다면 두려워하지 말고 도전하세요. UDC에 푹 빠질 겁니다.”",
      "description_m": "“UDC만의 매력은 개발자들이 자신들의 경험을 기탄없이 나누고 성공사례를 공유하는 등 개발자 정신이 가득하다는 점이라고 할 수 있습니다. 와서 누려보시기 바랍니다. 만약 연사로 참여하게 된다면 두려워하지 말고 도전하세요. UDC에 푹 빠질 겁니다.”",
      "company" : "(다임러 모빌리티 블록체인 개발자 겸 제품 책임자)",
      "link": "",
      "img" : "https://udc-file.s3.ap-northeast-2.amazonaws.com/images/feedback_06.png"
    },
    {
      "title" : "“활기차고 에너지 넘치는 굉장한 컨퍼런스”",
      "title_m" : "“활기차고 에너지 넘치는 굉장한 컨퍼런스”",
      "name" : "알렉산더 홉트너",
      "description" : "“UDC를 통해 굉장한 경험을 했습니다. 활기차고 에너지가 넘치는 것뿐만 아니라 어떤 추궁도 테스트도 없는 오롯이 개발자들이 즐길 수 있는 행사였습니다. 여기 참가자들은 블록체인 개발과 기술에 푹 빠져있었어요. 엄청난 경험이었습니다.”",
      "description_m": "“UDC를 통해 굉장한 경험을 했습니다. 활기차고 에너지가 넘치는 것뿐만 아니라 어떤 추궁도 테스트도 없는 오롯이 개발자들이 즐길 수 있는 행사였습니다. 여기 참가자들은 블록체인 개발과 기술에 푹 빠져있었어요. 엄청난 경험이었습니다.”",
      "company" : "(보어 슈투트가르트 대표)",
      "link": "",
      "img" : "https://udc-file.s3.ap-northeast-2.amazonaws.com/images/feedback_07.png"
    },
    {
      "title" : "“블록체인의 미래를 함께 고민하는 교류의 장”",
      "title_m" : "“블록체인의 미래를 함께 고민하는 교류의 장”",
      "name" : "최재승",
      "description" : "“참가자들 모두 기술을 자랑하기보다는 현존하는 문제를 함께 고민한다는 느낌이었습니다. 케빈 아보쉬처럼 다양한 분야의 연사들과 교류하면서 많은 영감을 받기도 했습니다.”",
      "description_m": "“참가자들 모두 기술을 자랑하기보다는 현존하는 문제를 함께 고민한다는 느낌이었습니다. 케빈 아보쉬처럼 다양한 분야의 연사들과 교류하면서 많은 영감을 받기도 했습니다.”",
      "company" : "(캐리 프로토콜 공동창립자 및 공동대표)",
      "link": "",
      "img" : "https://udc-file.s3.ap-northeast-2.amazonaws.com/images/feedback_08.png"
    },
    {
      "title" : "“미래에 블록체인이 적용될 방향에 대해 다양한 이야기가 오간 곳”",
      "title_m" : "“미래에 블록체인이 적용될 방향에 대해 다양한 이야기가 오간 곳”",
      "name" : "한재선",
      "description" : "“작년에 비해 더 많은 개발자가 참여하고 프로그램도 훨씬 풍성해진 것 같습니다. 올해의 UDC는 단순히 기술 얘기가 아니라 실질적인 사례를 가지고 그 기술을 어디에 쓸지에 대해 많은 이야기를 나눈 것 같습니다.”",
      "description_m": "“작년에 비해 더 많은 개발자가 참여하고 프로그램도 훨씬 풍성해진 것 같습니다. 올해의 UDC는 단순히 기술 얘기가 아니라 실질적인 사례를 가지고 그 기술을 어디에 쓸지에 대해 많은 이야기를 나눈 것 같습니다.”",
      "company" : "(그라운드X 대표)",
      "link": "",
      "img" : "https://udc-file.s3.ap-northeast-2.amazonaws.com/images/feedback_09.png"
    },
    {
      "title" : "“동기부여와 인사이트를 모두 얻어가는 컨퍼런스”",
      "title_m" : "“동기부여와 인사이트를 모두 얻어가는 컨퍼런스”",
      "name" : "이용구",
      "description" : "“UDC는 실무적인 이야기뿐만 아니라 앞으로 블록체인이 나아갈 방향 등 철학적 수준의 이야기도 오가는 점에서 특별한 행사인 것 같습니다. 저는 원래 인공지능 개발자인데 UDC를 통해 새로운 인사이트를 얻어갈 수 있었습니다.”",
      "description_m": "“UDC는 실무적인 이야기뿐만 아니라 앞으로 블록체인이 나아갈 방향 등 철학적 수준의 이야기도 오가는 점에서 특별한 행사인 것 같습니다. 저는 원래 인공지능 개발자인데 UDC를 통해 새로운 인사이트를 얻어갈 수 있었습니다.”",
      "company" : "(㈜뤼이드 CTO)",
      "link": "",
      "img" : "https://udc-file.s3.ap-northeast-2.amazonaws.com/images/feedback_10.png"
    },
    {
      "title" : "“블록체인의 다양한 서비스를 체험하고 비교해볼 수 있어 유익”",
      "title_m" : "“블록체인의 다양한 서비스를 체험하고 비교해볼 수 있어 유익”",
      "name" : "손우람",
      "description" : "“UDC 2019는 특히 전시와 핸즈온 세션이 정말 좋았어요. 다른 회사들이 어떤 서비스를 개발하는지 직접 체험해볼 수 있어 유익했다고 생각합니다.”",
      "description_m": "“UDC 2019는 특히 전시와 핸즈온 세션이 정말 좋았어요. 다른 회사들이 어떤 서비스를 개발하는지 직접 체험해볼 수 있어 유익했다고 생각합니다.”",
      "company" : "(모스랜드 대표)",
      "link": "",
      "img" : "https://udc-file.s3.ap-northeast-2.amazonaws.com/images/feedback_11.png"
    },
    {
      "title" : "“의미있는 행사에 참여해 영광”",
      "title_m" : "“의미있는 행사에 참여해 영광”",
      "name" : "주상식",
      "description" : "“UDC는 좀 더 체계적이고 전문적입니다. 작년에 이어 더 유연하게 자리잡고 있다고 생각합니다. 의미 있는 행사에 참여하여 영광입니다.”",
      "description_m": "“UDC는 좀 더 체계적이고 전문적입니다. 작년에 이어 더 유연하게 자리잡고 있다고 생각합니다. 의미 있는 행사에 참여하여 영광입니다.”",
      "company" : "(SM엔터테인먼트 CT-AI Labs 랩장)",
      "link": "",
      "img" : "https://udc-file.s3.ap-northeast-2.amazonaws.com/images/feedback_12.png"
    },
    {
      "title" : "“UDC는 언제나 Fun한 곳”",
      "title_m" : "“UDC는 언제나 Fun한 곳”",
      "name" : "[핸즈온 연사] 박혜영",
      "description" : "“작년에 비해 올해의 핸즈온 세션은 현실적인 문제를 고민하는 실무자 분들이 많이 오셨습니다. 늘 그렇듯 이번에도 업계 사람들이와서 즐겁게 일하고 네트워킹하는 Fun한 시간이었습니다.”",
      "description_m": "“작년에 비해 올해의 핸즈온 세션은 현실적인 문제를 고민하는 실무자 분들이 많이 오셨습니다. 늘 그렇듯 이번에도 업계 사람들이와서 즐겁게 일하고 네트워킹하는 Fun한 시간이었습니다.”",
      "company" : "(아마존 웹 서비스 시니어 솔루션즈 아키텍트)",
      "link": "",
      "img" : "https://udc-file.s3.ap-northeast-2.amazonaws.com/images/feedback_13.png"
    },
    {
      "title" : "“비개발자도 참여 가능한 좋은 세션”",
      "title_m" : "“비개발자도 참여 가능한 좋은 세션”",
      "name" : "[핸즈온 참가자] 윤영인",
      "description" : "“비개발자로서 참여했는데도 강연자분이 친절히 설명해주셔서 쉽게 따라할 수 있었습니다.”",
      "description_m": "“비개발자로서 참여했는데도 강연자분이 친절히 설명해주셔서 쉽게 따라할 수 있었습니다.”",
      "company" : "(피르마체인 대표)",
      "link": "",
      "img" : "https://udc-file.s3.ap-northeast-2.amazonaws.com/images/feedback_14.png"
    },
    {
      "title" : "“UDC 는 매년 참여하고 싶은 컨퍼런스”",
      "title_m" : "“UDC 는 매년 참여하고 싶은 컨퍼런스”",
      "name" : "[해커톤] 인타임",
      "description" : "“UDC 하면 다 아는 컨퍼런스죠. 작년에도 왔었습니다. 매년 다른 주제로 주최되는 것 같아 다음 행사가 기대됩니다.”",
      "description_m": "“UDC 하면 다 아는 컨퍼런스죠. 작년에도 왔었습니다. 매년 다른 주제로 주최되는 것 같아 다음 행사가 기대됩니다.”",
      "company" : "(해커톤 1등 루니버스 상 수상팀)",
      "link": "",
      "img" : "https://udc-file.s3.ap-northeast-2.amazonaws.com/images/feedback_15.png"
    },
    {
      "title" : "“기술자뿐만 아니라 소비자도 생각하는 UDC”",
      "title_m" : "“기술자뿐만 아니라 소비자도 생각하는 UDC”",
      "name" : "신재윤",
      "description" : "“블록체인이 어려운데 소비자 입장에서 쉽게 설명해줘서 좋았습니다. 아직까지 결과물이 많지 않은 기술이지만 그 잠재력은 어마어마하다고 생각해요.”",
      "description_m": "“블록체인이 어려운데 소비자 입장에서 쉽게 설명해줘서 좋았습니다. 아직까지 결과물이 많지 않은 기술이지만 그 잠재력은 어마어마하다고 생각해요.”",
      "company" : "(서강대학교 미국문화학과 학생)",
      "link": "",
      "img" : "https://udc-file.s3.ap-northeast-2.amazonaws.com/images/feedback_16.png"
    },
    {
      "title" : "“블록체인에 대한 편견이 깨지다”",
      "title_m" : "“블록체인에 대한 편견이 깨지다”",
      "name" : "이상민",
      "description" : "“UDC에서 기존의 블록체인에 관한 편견을 깰 수 있었습니다. 금융쪽과 관련된 기술이라고 생각했는데 소비재 산업과 에너지 산업에도 적용되는 사례를 보고 많은 것을 배웠습니다.”",
      "description_m": "“UDC에서 기존의 블록체인에 관한 편견을 깰 수 있었습니다. 금융쪽과 관련된 기술이라고 생각했는데 소비재 산업과 에너지 산업에도 적용되는 사례를 보고 많은 것을 배웠습니다.”",
      "company" : "(강원대학교 학생)",
      "link": "",
      "img" : "https://udc-file.s3.ap-northeast-2.amazonaws.com/images/feedback_17.png"
    },
    {
      "title" : "“매년 발전이 기대되는 컨퍼런스”",
      "title_m" : "“매년 발전이 기대되는 컨퍼런스”",
      "name" : "밀라 최",
      "description" : "“앞으로 어떻게 발전할지 궁금한 행사입니다. 이번 Proof of Services에서는 블록체인이 생활에 어떻게 녹아 들고 있는지 배울 수 있었어요. 다양한 이벤트도 많아서 즐거웠습니다.”",
      "description_m": "“앞으로 어떻게 발전할지 궁금한 행사입니다. 이번 Proof of Services에서는 블록체인이 생활에 어떻게 녹아 들고 있는지 배울 수 있었어요. 다양한 이벤트도 많아서 즐거웠습니다.”",
      "company" : "(오리진 프로토콜 한국담당)",
      "link": "",
      "img" : "https://udc-file.s3.ap-northeast-2.amazonaws.com/images/feedback_18.png"
    }
  ],
  "feedbacks": [
    {
      "title": "“ 개발자가 하나되는 커뮤니티”",
      "title_m": "“ 개발자가 하나되는 커뮤니티”",
      "name": "돈 송",
      "company": "(오아시스 랩스 대표 겸 버클리대 교수)",
      "description": "“좋은 이벤트였습니다. 이렇게 개발자들이 모여 기술에 대해 심도 있게 논의할 수 있는 행사가 더 많아졌으면 하는 바람입니다. 개발자 커뮤니티가 하나가 되어 블록체인이 어떤 기술인지 대중에게 상세히 설명할 수 있는 좋은 자리였습니다.”",
      "description_m": "“좋은 이벤트였습니다. 이렇게 개발자들이 모여 기술에 대해 심도 있게 논의할 수 있는 행사가 더 많아졌으면 하는 바람입니다. 개발자 커뮤니티가 하나가 되어 블록체인이 어떤 기술인지 대중에게 상세히 설명할 수 있는 좋은 자리였습니다.”",
      "link": "",
      "img": "https://udc-file.s3.ap-northeast-2.amazonaws.com/images/1556450827076_1.png"
    },
    {
      "title": "“ 개발자들과 함께할 수 있는즐거운 곳”",
      "title_m": "“ 개발자들과 함께할 수 있는즐거운 곳”",
      "name": "다홍페이",
      "description": "“훌륭했습니다. 네오는 기술 플랫폼인 만큼 개발자들과 함께할 수 있는 자리들을 중요시하는데, 그런 면에서 UDC는 정말 좋은 컨퍼런스였습니다.”",
      "description_m": "“훌륭했습니다.네오는 기술 플랫폼인 만큼 개발자들과 함께할 수 있는 자리들을 중요시하는데, 그런 면에서 UDC는 정말 좋은 컨퍼런스였습니다.”",
      "company": "(네오 설립자)",
      "link": "",
      "img": "https://udc-file.s3.ap-northeast-2.amazonaws.com/images/1556450827109_2.png"
    },
    {
      "title": "“블록체인 기업, IT공룡 넘을 날 온다 ‘건전한 생태계’ 개발자 손끝에 달려”",
      "title_m": "“블록체인 기업, IT공룡 넘을 날 온다 ‘건전한 생태계’ 개발자 손끝에 달려”",
      "name": "머니투데이",
      "description": "“가상통화 거래사이트 업비트를 운영하고 있는 두나무가 13~14일 제주국제컨벤션센터(ICC JEJU)에서 개최한 ‘업비트 개발자 컨퍼런스 2018’(UDC 2018)이 전세계 블록체인 개발자 700여명이 참여한 가운데 성공적으로 막을 내렸다. UDC 2018이 블록체인...”",
      "company": "",
      "link": "http://news.mt.co.kr/mtview.php?no=2018091609035710261&amp;type=1",
      "img": "https://udc-file.s3.ap-northeast-2.amazonaws.com/images/1556462893884_moneytoday_.png"
    },
    {
      "title": "“블록체인 인프라에중점을 맞춘 컨퍼런스”",
      "title_m": "“블록체인 인프라에중점을 맞춘 컨퍼런스”",
      "name": "트래비스 무어",
      "description": "“다른 암호화폐 컨퍼런스와 달리 블록체인 인프라에 중점을 맞춘 컨퍼런스였는데요, 기술 발전을 위해 이런 행사들이 꼭 필요하다고 생각합니다.”",
      "company": "(에브리피디아 CTO)",
      "link": "",
      "img": "https://udc-file.s3.ap-northeast-2.amazonaws.com/images/1556450827092_4.png"
    },
    {
      "title": "“ 대한민국 블록체인 커뮤니티를 직접 만날 수 있는 기회”",
      "title_m": "“ 대한민국 블록체인 커뮤니티를 직접 만날 수 있는 기회”",
      "name": "벤자민 볼렌",
      "description": "“대한민국 블록체인 커뮤니티를 직접 만날 수 있는 첫 기회였는데 무척 즐거운 경험이었습니다.행사 기획과 운영도 너무 뛰어나 무척 놀랐고요.”",
      "company": "(OST 최고 블록체인 과학자)",
      "link": "",
      "img": "https://udc-file.s3.ap-northeast-2.amazonaws.com/images/1556450827098_5.png"
    },
    {
      "title": "“친절한 응대,유익한 네트워킹”",
      "title_m": "“친절한 응대,유익한 네트워킹”",
      "name": "칼 영블러드",
      "description": "“운영진이 정말 친절하게 환대해줬고 다른 참석자들과의 교류도 무척 유익해 즐거운 시간을 보내고 있습니다.”",
      "company": "(메인프레임 최고 기술 책임자)",
      "link": "",
      "img": "https://udc-file.s3.ap-northeast-2.amazonaws.com/images/1556450827143_6.png"
    },
    {
      "title": "“UDC는 모든 것이 정말 잘 준비된 멋진 행사”",
      "title_m": "“UDC는 모든 것이 정말 잘 준비된 멋진 행사”",
      "name": "에드워드 그리브",
      "description": "“훌륭합니다. UDC는 멋지게 기획된 행사로 모든 것이 정말 잘 준비되어 있네요. 재미있는 얘기를 나눌 수 있는 분들도 많이 만났고요.”",
      "company": "(IOTA 최고 기술 책임자)",
      "link": "",
      "img": "https://udc-file.s3.ap-northeast-2.amazonaws.com/images/1556450827076_7.png"
    },
    {
      "title": "“발표자 수준이 높고,관객도 많은 행사”",
      "title_m": "“발표자 수준이 높고,관객도 많은 행사”",
      "name": "치 조우",
      "description": "“훌륭하게 기획된 행사 입니다. 발표자 수준도 높고 관객도 많은 이런 행사에서 저희 기술을 소개할 수 있었던 걸 무척 기쁘게 생각합니다.”",
      "company": "(쿼크체인 대표)",
      "link": "",
      "img": "https://udc-file.s3.ap-northeast-2.amazonaws.com/images/1556450827102_8.png"
    },
    {
      "title": "“업비트, 거래소에 머물지 않고 블록체인 미래에 투자”",
      "title_m": "“업비트, 거래소에 머물지 않고 블록체인 미래에 투자”",
      "name": "한겨레",
      "description": "“국내 최대 거래소 업비트를 운영하는 두나무는 지난 13~14일 제주에서 개최한 ‘업비트 개발자 컨퍼런스 2018’에서 블록체인 서비스 플랫폼 ‘루니버스’를 공개했다. 이석우 두나무 대표이사는 “업비트는 암호화폐 거래소에 머무르지 않을 것”이라고 말했다. 그는...”",
      "company": "",
      "link": "http://www.hani.co.kr/arti/economy/it/862565.html",
      "img": "https://udc-file.s3.ap-northeast-2.amazonaws.com/images/1556462893868_hangyeorye_.png"
    },
    {
      "title": "“세계에 내로라하는 블록체인 스피커들과 함께해 영광”",
      "title_m": "“세계에 내로라하는블록체인 스피커들과 함께해 영광”",
      "name": "권용길",
      "description": "“세계에 내로라하는 블록체인 스피커들과 함께해 영광이었고 저희가 하고 있는 일들과 그 의미에 대해 발표할 수 있어 굉장히 보람되고 뜻 깊은 시간이었다고 생각합니다.”",
      "company": "(네오플라이 대표)",
      "link": "",
      "img": "https://udc-file.s3.ap-northeast-2.amazonaws.com/images/1556450827146_10.png"
    },
    {
      "title": "“ 높은 수준으로 운영,잘 기획된 행사”",
      "title_m": "“ 높은 수준으로 운영,잘 기획된 행사”",
      "name": "제럴드 모로니",
      "description": "“행사가 높은 수준으로 운영, 기획되어서 모든 면에서 만족했습니다.”",
      "company": "(IOHK 프로젝트 매니저)",
      "link": "",
      "img": "https://udc-file.s3.ap-northeast-2.amazonaws.com/images/1556450827125_11.png"
    },
    {
      "title": "“ 개발자들의 다양한 관점을 들을 수 있는 시간”",
      "title_m": "“ 개발자들의 다양한 관점을 들을 수 있는 시간”",
      "name": "베네딕트 챈",
      "description": "“개인적으로 여러 개발자들과 아이디어를 공유하고 함께 만들어 나가는걸 중요하게 생각하는데요, UDC에서 블록체인 기술 적용에 대해 개발자들의 다양한 관점을 들을 수 있어서 무척 즐거운 시간이었습니다.”",
      "company": "(빗고 CTO)",
      "link": "",
      "img": "https://udc-file.s3.ap-northeast-2.amazonaws.com/images/1556450827109_12.png"
    },
    {
      "title": "“4차 산업의 꽃,전세계 개발자들 한데 모인다”",
      "title_m": "“4차 산업의 꽃,전세계 개발자들 한데 모인다”",
      "name": "헤럴드경제",
      "description": "“암호화폐 거래소 업비트를 운영하는 두나무는 업계 최초로 블록체인 개발자를 위한 ‘업비트 개발자 컨퍼런스 2018(UDC2018)’을 오는 9월 13일부터 14일까지 이틀 간 제주도에서 개최한다. UDC 2018은 ‘Proof of Developer(개발자 증명)‘라는 슬로건 아래...”",
      "company": "",
      "link": "http://news.heraldcorp.com/view.php?ud=20180807000051",
      "img": "https://udc-file.s3.ap-northeast-2.amazonaws.com/images/1556462893880_herald_.png"
    },
    {
      "title": "“ 다이나믹 하고,신선한 행사”",
      "title_m": "“ 다이나믹 하고,신선한 행사”",
      "name": "이희조",
      "description": "“UDC에 와서 보니 굉장히 다이나믹하고 재미있는 블록체인 모임들이나 프로젝트들이 많아서 신선한 느낌이 들었습니다.”",
      "company": "(고려대학교 교수)",
      "link": "",
      "img": "https://udc-file.s3.ap-northeast-2.amazonaws.com/images/1556450827122_14.png"
    },
    {
      "title": "“참가자 대부분이 개발자여서 깊이 있고 생산적”",
      "title_m": "“참가자 대부분이 개발자여서 깊이 있고 생산적”",
      "name": "정현우",
      "description": "“참여하신 분들이 대부분 개발자여서 스피커들이 준비한 내용이나 질문의 내용도 휠씬 깊이가 있어서 무척 생산적인 시간이었습니다.”",
      "company": "(티티씨 프로토콜 대표)",
      "link": "",
      "img": "https://udc-file.s3.ap-northeast-2.amazonaws.com/images/1556450827445_15.png"
    },
    {
      "title": "“ 현재의 기술을 확인하고 미래 기술에 대한 논의 가능”",
      "title_m": "“ 현재의 기술을 확인하고 미래 기술에 대한 논의 가능”",
      "name": "박재현",
      "description": "“블록체인하면 투자 중심으로 많은 것들이 이루어졌는데 이곳에 모여서 실제 현재 기술에 대해 확인 해 보고 미래의 기술에 대해 같이 얘기해볼 수 있어 너무 뜻 깊은 자리였던 것 같습니다.”",
      "company": "(람다256 대표)",
      "link": "",
      "img": "https://udc-file.s3.ap-northeast-2.amazonaws.com/images/1556450827471_16.png"
    },
    {
      "title": "“블록체인,인터넷처럼 새 시대 열 것”",
      "title_m": "“블록체인,인터넷처럼 새 시대 열 것”",
      "name": "중앙일보",
      "description": "“13일 오전 제주 서귀포시에 있는 제주국제컨벤션센터 ‘탐라홀’엔 700여 명이 모였다. 다음날까지 이틀간 개최되는 블록체인 개발자 콘퍼런스인 ‘업비트 개발자 콘퍼런스 2018’에 참여하기 위해 국내외에서 모인 블록체인 기술 개발자들이다. ...”",
      "company": "",
      "link": "https://news.joins.com/article/22970224",
      "img": "https://udc-file.s3.ap-northeast-2.amazonaws.com/images/1556462893887_joongang_.png"
    }
  ],
  "2018": {
    "title_1": "<span class=\"year\">2018</span> 업비트 개발자 컨퍼런스",
    "title_2": "행사 개요",
    "infos": [
      {
        "key": "일시",
        "val": "2018년 9월 12일(수) ~ 14일(금) <br class=\"mobile-only\"/>*12일 사전행사"
      },
      {
        "key": "장소",
        "val": "제주 국제 컨벤션 센터(ICC JEJU)"
      },
      {
        "key": "주제",
        "val": "Proof of Developer"
      },
      {
        "key": "주최",
        "val": "두나무㈜"
      },
      {
        "key": "참가대상",
        "val": "블록체인 개발자 및 관련 업종 종사자 및 학생"
      },
      {
        "key": "공식언어",
        "val": "한국어, 영어 (영-한 동시통역 제공)"
      }
    ],
    "texts": [
      "<span class=\"bold\">About UDC 2018</span>",
      "2018년 9월 첫 선을 보인 국내 최초 ‘블록체인 개발자 중심’ 컨퍼런스 UDC! 제주도에서 개최된 첫 해 UDC에 1,600여 명이 참가해 성공적인 출발을 알렸습니다.",
      "<span class=\"bold\">“ Proof of Developer “ </span>",

      "새로운 블록에 작업을 완료했음을 ‘증명‘하듯이, 개발자들은 오늘도 블록체인 생태계에 새로운 작업 완료를 ‘증명‘하고 있습니다.\n블록체인 생태계는 개발자들의 열띤 토론과 뜨거운 땀으로 만들어집니다.\n개발자들을 위한, 개발자들에게 필요한 최초의 블록체인 컨퍼런스, UDC 2018은 “Proof of Developer” (개발자 증명)을 주제로 개최되었습니다."
    ]
  },
  "2019": {
    "title_1": "<span class=\"year\">2019</span> 업비트 개발자 컨퍼런스",
    "title_2": "행사개요",
    "infos": [
      {
        "key": "일시",
        "val": "2019년 9월 4일(수) ~ 5일(목)"
      },
      {
        "key": "장소",
        "val": "그랜드 하얏트 인천"
      },
      {
        "key": "주제",
        "val": "Proof of Services"
      },
      {
        "key": "주최",
        "val": "두나무㈜"
      },
      {
        "key": "참가대상",
        "val": "개발자, 블록체인 기술에 관심 있는 누구나"
      },
      {
        "key": "공식언어",
        "val": "한국어, 영어 (영-한 동시통역 제공)"
      }
    ],
    "texts": [
      "<span class=\"bold\">업비트 개발자 컨퍼런스</span>(Upbit Developer Conference)는 블록체인 개발자들의 지식 공유와 자유로운 토론, 네트워킹에 도움이 되는 <span class=\"bold\">‘개발자 중심’의 컨퍼런스</span>입니다.",
      "2018년에 받은 뜨거운 성원에 힘입어, 2019년 9월 제 2회 UDC를 개최했습니다. 블록체인 프로젝트들이 가치와 비전을 어떻게 현실 세계와 접목하고, 현실의 문제를 해결하며, 편리한 ‘서비스’를 준비하고 있는지를 나누기 위해 <span class=\"bold en\">UDC 2019</span>는 ‘서비스’에 주목했습니다.",
      "개발자들은 블록체인 네트워크에 작업 완료를 ‘증명’했고, 이들이 ‘증명’한 다양한 서비스들을  UDC 2019에서 선보였습니다.",
      "세계 최고 수준의 블록체인 개발자들과의 지식교류, 블록체인에 대한 통찰을 주고 받을 수 있는 다양한 네트워킹 프로그램,\n미래 블록체인 개발자를 꿈꾸는 예비 개발자들을 위한 체험 프로그램까지, <span class=\"bold en\">UDC 2019</span>에서는 다양한 프로그램으로 깊이있는 이야기를 전했습니다."
    ],
    "highlight_msg": "",
    "concepts": [
      {
        "title": "개발자들의 커뮤니케이션 플랫폼",
        "descriptions": [
          "글로벌 최고 수준 연사들의 블록체인 개발에 대한 인사이트",
          "신기술 시연, 트렌드 공유 등 개발자들만의 이야기",
          "다양한 네트워킹 공간을 통한 개발 지식 공유"
        ]
      },
      {
        "title": "심도 있는 지식의 공유",
        "descriptions": [
          "블록체인 개발에 대한 전문적이고 실질적인 콘텐츠",
          "다채로운 패널 세션을 통해 심도 있는 개발 지식 논의"
        ]
      },
      {
        "title": "함께하는 즐거운 자리",
        "descriptions": [
          "온라인에서 무료로 만나는 UDC",
          "사전 예약 이벤트, 실시간 시청 이벤트로 즐기는 컨퍼런스"
        ]
      }
    ]
  },
  "2020": {
    "title_1": "<span class=\"year\">2020</span> 업비트 개발자 컨퍼런스",
    "title_2": "행사개요",
    "infos": [
      {
        "key": "일시",
        "val": "2020년 11월 30일(월) ~ 12월 4일(금)"
      },
      {
        "key": "장소",
        "val": "온라인 컨퍼런스"
      },
      {
        "key": "주제",
        "val": "<span style='color:#0367d9; top:0;'>return</span> blockchain <span style='color:#0367d9; top:0;'>*</span> future<span style='color:#0367d9; top:0;'>;</span>"
      },
      {
        "key": "주최",
        "val": "두나무㈜"
      },
      {
        "key": "참가대상",
        "val": "개발자, 블록체인 기술에 관심 있는 누구나"
      },
      {
        "key": "공식언어",
        "val": "한국어, 영어 (영-한 동시통역 제공)"
      }
    ],
    "texts": [
      "<span class=\"bold\">About UDC 2020</span>",
      "전세계를 덮친 팬데믹,\n코로나와 함께 사는 것이 일상이 된 시대,",
      "2020년 우리는,\n가족을 만나는 것\n친구들과 밥 한 끼 먹는 것\n동네를 산책하는 것 등등\n일상이었던 많은 일이 더 이상 자연스럽지 않았습니다.\n",
      "코로나가 가져온 광범위한 변화는 우리의 일상과 인식을 송두리째 바꿔 놓았습니다.",
      "코로나 시대\n어떤 고민을 하고, 어떻게 헤쳐나가야 할지",
      "<span class=\"bold\">“ <span style='color:#0367d9;'>return</span> blockchain <span style='color:#0367d9;'>*</span> future<span style='color:#0367d9;'>;</span> “</span>",
      "‘블록체인, 미래의 답을 찾다’를 주제로\n온라인에서 무료 개최된 UDC 2020에서\n블록체인과 미래를 답을 찾아보았습니다."
    ],
    "highlight_msg": "",
    "concepts": []
  },
  "2021": {
    "title_1": "<span class=\"year\">2021</span> 업비트 개발자 컨퍼런스",
    "title_2": "행사개요",
    "infos": [
      {
        "key": "일시",
        "val": "2021년 9월 1일(수) ~ 2일(목)"
      },
      {
        "key": "장소",
        "val": "온라인 (UDC 유튜브 채널)"
      },
      {
        "key": "주최",
        "val": "두나무㈜"
      },
      {
        "key": "참가대상",
        "val": "개발자, 블록체인 기술에 관심 있는 누구나"
      },
      {
        "key": "공식언어",
        "val": "한국어, 영어 (영-한 동시통역 제공)"
      }
    ],
    "texts": [],
    "highlight_msg": "",
    "concepts": []
  }
}